country_name,asset_location,iso_3,classification,group,
Unites States of America,US,USA,All Developed,Developed Financiers,
China,CN,CHN,Developing,Developing Recipients,
Germany,DE,DEU,All Developed,Developed Financiers,
Japan,JP,JPN,All Developed,Developed Financiers,
India,IN,IND,Developing,Developing Recipients,
United Kingdom of Great Britain and Northern Ireland,GB,GBR,All Developed,Developed Financiers,
France,FR,FRA,All Developed,Developed Financiers,
Italy,IT,ITA,All Developed,Developed Financiers,
Brazil,BR,BRA,Developing,Developing Recipients,
Canada,CA,CAN,All Developed,Developed Financiers,
Russian Federation,RU,RUS,All Developed,Developed EIT,
Mexico,MX,MEX,Developing,Developing Recipients,
Australia,AU,AUS,All Developed,Developed Financiers,
Republic of Korea,KR,KOR,Developing,Developing Recipients,
Spain,ES,ESP,All Developed,Developed Financiers,
Indonesia,ID,IDN,Developing,Developing Recipients,
Netherlands,NL,NLD,All Developed,Developed Financiers,
Turkey,TR,TUR,All Developed,,
Saudi Arabia ,SA,SAU,Developing,Developing Recipients,
Switzerland,CH,CHE,All Developed,Developed Financiers,
Poland,PL,POL,All Developed,Developed EIT,
Argentina,AR,ARG,Developing,Developing Recipients,
Belgium,BE,BEL,All Developed,Developed Financiers,
Sweden,SE,SWE,All Developed,Developed Financiers,
Ireland,IE,IRL,All Developed,Developed Financiers,
Austria,AT,AUT,All Developed,Developed Financiers,
Thailand,TH,THA,Developing,Developing Recipients,
Israel,IL,ISR,Developing,Developing Recipients,
United Arab Emirates,AE,ARE,Developing,Developing Recipients,
Singapore,SG,SGP,Developing,Developing Recipients,
Norway,NO,NOR,All Developed,Developed Financiers,
Bangladesh,BD,BGD,Developing,Developing Recipients,
Philippines,PH,PHL,Developing,Developing Recipients,
Viet Nam,VN,VNM,Developing,Developing Recipients,
Denmark,DK,DNK,All Developed,Developed Financiers,
Iran,IR,IRN,Developing,Developing Recipients,
Malaysia,MY,MYS,Developing,Developing Recipients,
Egypt,EG,EGY,Developing,Developing Recipients,
South Africa,ZA,ZAF,Developing,Developing Recipients,
Colombia,CO,COL,Developing,Developing Recipients,
Nigeria,NG,NGA,Developing,Developing Recipients,
Romania,RO,ROU,All Developed,Developed EIT,
Pakistan,PK,PAK,Developing,Developing Recipients,
Chile,CL,CHL,Developing,Developing Recipients,
Czech Republic,CZ,CZE,All Developed,Developed EIT,
Finland,FI,FIN,All Developed,Developed Financiers,
Portugal,PT,PRT,All Developed,Developed Financiers,
Peru,PE,PER,Developing,Developing Recipients,
Kazakhstan,KZ,KAZ,Developing,Developing Recipients,
New Zealand,NZ,NZL,All Developed,Developed Financiers,
Iraq,IQ,IRQ,Developing,Developing Recipients,
Algeria,DZ,DZA,Developing,Developing Recipients,
Greece,GR,GRC,All Developed,Developed Financiers,
Hungary,HU,HUN,All Developed,Developed EIT,
Ukraine,UA,UKR,All Developed,Developed EIT,
Ethiopia,ET,ETH,Developing,Developing Recipients,
Kuwait,KW,KWT,Developing,Developing Recipients,
Morocco,MA,MAR,Developing,Developing Recipients,
Slovakia,SK,SVK,All Developed,Developed EIT,
Dominican Republic,DO,DOM,Developing,Developing Recipients,
Ecuador,EC,ECU,Developing,Developing Recipients,
Sudan,SD,SDN,Developing,Developing Recipients,
Oman,OM,OMN,Developing,Developing Recipients,
Kenya,KE,KEN,Developing,Developing Recipients,
Guatemala,GT,GTM,Developing,Developing Recipients,
Bulgaria,BG,BGR,All Developed,Developed EIT,
Uzbekistan,UZ,UZB,Developing,Developing Recipients,
Costa Rica,CR,CRI,Developing,Developing Recipients,
Luxembourg,LU,LUX,All Developed,Developed Financiers,
Angola,AO,AGO,Developing,Developing Recipients,
Sri Lanka,LK,LKA,Developing,Developing Recipients,
Panama,PA,PAN,Developing,Developing Recipients,
Croatia,HR,HRV,All Developed,Developed EIT,
United Republic of Tanzania,TZ,TZA,Developing,Developing Recipients,
Côte d'Ivoire,CI,CIV,Developing,Developing Recipients,
Lithuania,LT,LTU,All Developed,Developed EIT,
Uruguay,UY,URY,Developing,Developing Recipients,
Ghana,GH,GHA,Developing,Developing Recipients,
Serbia,RS,SRB,Developing,Developing Recipients,
Azerbaijan,AZ,AZE,Developing,Developing Recipients,
Belarus,BY,BLR,All Developed,Developed EIT,
Slovenia,SI,SVN,All Developed,Developed EIT,
Democratic Republic of the Congo,CD,COD,Developing,Developing Recipients,
Myanmar,MM,MMR,Developing,Developing Recipients,
Turkmenistan,TM,TKM,Developing,Developing Recipients,
Jordan,JO,JOR,Developing,Developing Recipients,
Libya,LY,LBY,Developing,Developing Recipients,
Uganda,UG,UGA,Developing,Developing Recipients,
Tunisia,TN,TUN,Developing,Developing Recipients,
Cameroon,CM,CMR,Developing,Developing Recipients,
Bolivia (Plurinational State of),BO,BOL,Developing,Developing Recipients,
Latvia,LV,LVA,All Developed,Developed EIT,
Bahrain,BH,BHR,Developing,Developing Recipients,
Paraguay,PY,PRY,Developing,Developing Recipients,
Nepal,NP,NPL,Developing,Developing Recipients,
Estonia,EE,EST,All Developed,Developed EIT,
Honduras,HN,HND,Developing,Developing Recipients,
El Salvador,SV,SLV,Developing,Developing Recipients,
Cyprus,,CYP,,,
Cambodia,KH,KHM,Developing,Developing Recipients,
Iceland,IS,ISL,All Developed,Developed Financiers,
Senegal,SN,SEN,Developing,Developing Recipients,
Papua New Guinea,PG,PNG,Developing,Developing Recipients,
Georgia,GE,GEO,Developing,Developing Recipients,
Zambia,ZM,ZMB,Developing,Developing Recipients,
Trinidad and Tobago,TT,TTO,Developing,Developing Recipients,
Bosnia and Herzegovina,BA,BIH,Developing,Developing Recipients,
Zimbabwe,ZW,ZWE,Developing,Developing Recipients,
Armenia,AM,ARM,Developing,Developing Recipients,
Guinea,GN,GIN,Developing,Developing Recipients,
Albania,AL,ALB,Developing,Developing Recipients,
Mali,ML,MLI,Developing,Developing Recipients,
Mozambique,MZ,MOZ,Developing,Developing Recipients,
Gabon,GA,GAB,Developing,Developing Recipients,
Burkina Faso,BF,BFA,Developing,Developing Recipients,
Mongolia,MN,MNG,Developing,Developing Recipients,
Haiti,HT,HTI,Developing,Developing Recipients,
Benin,BJ,BEN,Developing,Developing Recipients,
Jamaica,JM,JAM,Developing,Developing Recipients,
Botswana,BW,BWA,Developing,Developing Recipients,
Nicaragua,NI,NIC,Developing,Developing Recipients,
State of Palestine,PS,PSE,Developing,Developing Recipients,
Niger,NE,NER,Developing,Developing Recipients,
Guyana,GY,GUY,Developing,Developing Recipients,
Republic of Moldova,MD,MDA,Developing,Developing Recipients,
Madagascar,MG,MDG,Developing,Developing Recipients,
Lao People's Democratic Republic,LA,LAO,Developing,Developing Recipients,
Congo,CG,COG,Developing,Developing Recipients,
Brunei Darussalam,BN,BRN,Developing,Developing Recipients,
North Macedonia,MK,MKD,Developing,Developing Recipients,
Mauritius,MU,MUS,Developing,Developing Recipients,
Bahamas,BS,BHS,Developing,Developing Recipients,
Rwanda,RW,RWA,Developing,Developing Recipients,
Malawi,MW,MWI,Developing,Developing Recipients,
Kyrgyzstan,KG,KGZ,Developing,Developing Recipients,
Chad,TD,TCD,Developing,Developing Recipients,
Namibia,NA,NAM,Developing,Developing Recipients,
Equatorial Guinea,GQ,GNQ,Developing,Developing Recipients,
Tajikistan,TJ,TJK,Developing,Developing Recipients,
Somalia,SO,SOM,Developing,Developing Recipients,
Mauritania,MR,MRT,Developing,Developing Recipients,
Togo,TG,TGO,Developing,Developing Recipients,
Montenegro,ME,MNE,Developing,Developing Recipients,
Maldives,MV,MDV,Developing,Developing Recipients,
Barbados,BB,BRB,Developing,Developing Recipients,
Fiji,FJ,FJI,Developing,Developing Recipients,
Eswatini,SZ,SWZ,Developing,Developing Recipients,
Liberia,LR,LBR,Developing,Developing Recipients,
Djibouti,DJ,DJI,Developing,Developing Recipients,
Sierra Leone,SL,SLE,Developing,Developing Recipients,
Suriname,SR,SUR,Developing,Developing Recipients,
Andorra,AD,AND,Developing,Developing Recipients,
Belize,BZ,BLZ,Developing,Developing Recipients,
Burundi,BI,BDI,Developing,Developing Recipients,
Cabo Verde,CV,CPV,Developing,Developing Recipients,
Central African Republic,CF,CAF,Developing,Developing Recipients,
Saint Lucia,LC,LCA,Developing,Developing Recipients,
Gambia,GM,GMB,Developing,Developing Recipients,
Timor-Leste,TL,TLS,Developing,Developing Recipients,
Seychelles,SC,SYC,Developing,Developing Recipients,
Lesotho,LS,LSO,Developing,Developing Recipients,
Antigua and Barbuda,AG,ATG,Developing,Developing Recipients,
Guinea-Bissau,GW,GNB,Developing,Developing Recipients,
Solomon Islands,SB,SLB,Developing,Developing Recipients,
Comoros,KM,COM,Developing,Developing Recipients,
Grenada,GD,GRD,Developing,Developing Recipients,
Vanuatu,VU,VUT,Developing,Developing Recipients,
Saint Kitts and Nevis,KN,KNA,Developing,Developing Recipients,
Saint Vincent and the Grenadines,VC,VCT,Developing,Developing Recipients,
Samoa,WS,WSM,Developing,Developing Recipients,
Dominica,DM,DMA,Developing,Developing Recipients,
Sao Tome and Principe,ST,STP,Developing,Developing Recipients,
Micronesia,FM,FSM,Developing,Developing Recipients,
Marshall Islands,MH,MHL,Developing,Developing Recipients,
Kiribati,KI,KIR,Developing,Developing Recipients,
Palau,PW,PLW,Developing,Developing Recipients,
Nauru,NR,NRU,Developing,Developing Recipients,
Tuvalu,TV,TUV,Developing,Developing Recipients,
Ivory Coast,,,,,
Lichtenstein,LI,,All Developed,,
Afghanistan,AF,AFG,Developing,Developing Recipients,
Bhutan,BT,BTN,Developing,Developing Recipients,
Cook Islands,CK,COK,Developing,Developing Recipients,
Cuba,CU,CUB,Developing,Developing Recipients,
Eritrea,ER,ERI,Developing,Developing Recipients,
Lebanon,LB,LBN,Developing,Developing Recipients,
Monaco,MC,MCO,All Developed,,
Niue,NU,NIU,Developing,Developing Recipients,
Democratic People's Republic of Korea,KP,PRK,Developing,Developing Recipients,
Qatar,QA,QAT,Developing,Developing Recipients,
San Marino,SM,SMR,Developing,Developing Recipients,
South Sudan,SS,SSD,Developing,Developing Recipients,
Syrian Arab Republic,SY,SYR,Developing,Developing Recipients,
Tonga,TO,TON,Developing,Developing Recipients,
Holy See,VA,VAT,Developing,Developing Recipients,
"Venezuela, Bolivarian Republic of",VE,VEN,Developing,Developing Recipients,
Yemen,YE,YEM,Developing,Developing Recipients,
